open,high,low,volume,close
568.0,568.0,552.92,13100.0,558.46
561.2,566.43,558.67,41100.0,559.99
566.89,567.0,556.93,10800.0,556.97
558.71,568.45,558.71,7900.0,567.16
565.106,604.83,562.19,146700.0,567.0
569.85,587.28,564.13,5085200.0,569.74
574.65,577.77,543.0,6351900.0,543.14
540.74,548.48,527.15,4389600.0,538.15
542.6,555.0,541.61,3142600.0,554.9
559.62,565.37,552.95,3321700.0,564.14
565.0,565.0,539.9,4025800.0,540.95
532.55,540.0,526.53,3914100.0,530.6
538.25,544.1,529.561,2568000.0,532.52
536.82,538.45,518.4601,3844500.0,536.44
543.0,557.0,540.0,4879900.0,556.54
548.81,549.5,531.15,6790900.0,536.1
536.1,536.7,525.6,2559700.0,528.62
528.64,537.23,527.51,2358900.0,534.81
533.79,533.87,526.25,2046700.0,526.94
530.07,531.65,522.12,1878000.0,525.16
522.51,524.7,515.42,2094600.0,516.18
517.18,518.6,502.8,3326400.0,517.15
516.9,529.46,516.32,2691700.0,527.7
527.6,528.0,522.52,1746400.0,526.66
527.11,532.93,523.88,1900300.0,531.35
533.76,533.9999,525.61,1683900.0,527.93
524.82,528.9,521.32,1021300.0,527.81
525.23,526.81,515.06,1684400.0,515.14
515.79,516.68,503.3,3215500.0,509.96
508.46,517.23,506.45,2015800.0,511.0
510.75,519.9,504.2,2432800.0,518.73
523.51,530.19,519.01,1907300.0,529.92
530.89,536.07,529.51,1648900.0,533.09
533.0,533.0,525.29,1188500.0,526.65
525.7,525.87,517.42,1699700.0,519.98
521.39,521.8,515.44,1481200.0,520.63
519.7,529.78,517.583,1274300.0,528.86
529.74,536.23,526.3,1779900.0,529.77
532.9,539.1828,531.91,1193000.0,538.94
541.13,547.5999,540.78,1611400.0,545.06
547.26,553.64,543.7,1926900.0,552.7
556.0,566.0,554.35,2098400.0,565.95
564.57,567.84,561.0,1647500.0,561.68
563.35,564.0,558.71,1350400.0,560.08
560.8,561.35,555.91,1766300.0,559.89
560.7,560.9,545.73,1431100.0,553.93
550.99,552.34,542.55,1861500.0,544.94
541.5,548.61,538.75,1811500.0,544.66
546.4,554.95,544.45,1684500.0,553.9
558.06,558.06,548.93,1732000.0,556.33
557.15,562.9,556.04,1463500.0,562.12
560.51,563.6,557.9,1348000.0,560.55
558.0,559.88,555.0201,1097100.0,558.84
557.3,557.99,548.46,1454500.0,551.35
552.26,552.3,545.56,1217200.0,551.76
549.26,549.62,541.52,1697900.0,544.28
544.2,545.32,539.33,1440600.0,543.01
544.86,553.56,544.0,1737000.0,553.37
554.24,555.0,548.51,2450100.0,554.9
556.85,557.58,550.3915,4496000.0,556.36
555.15,565.0,554.25,1532600.0,564.95
565.19,572.646,561.01,2201100.0,564.62
565.26,579.96,565.22,1964000.0,578.65
581.0,582.45,571.85,1737200.0,576.0
577.18,579.87,573.8,2230800.0,577.24
578.66,579.57,574.75,1310200.0,575.28
578.32,584.4,576.65,1444000.0,582.67
583.35,585.4399,580.39,1053500.0,582.335
583.35,585.01,580.92,712200.0,584.73
583.76,586.4299,579.59,1061700.0,582.25
577.66,579.5284,566.135,1904300.0,571.09
571.58,576.72,569.376,1113700.0,576.08
565.91,576.59,565.01,1353000.0,571.1
571.91,580.85,571.42,1617300.0,579.18
582.6,585.21,578.03,1849000.0,584.87
585.74,585.8045,576.56,1618600.0,584.78
588.0,588.4,582.2,1393300.0,582.66
579.53,580.99,568.61,3008300.0,573.7299
593.0,596.8,582.0,4003200.0,595.08
591.75,594.4,585.2326,2056500.0,589.47
590.72,599.65,590.6,1694500.0,594.74
593.23,597.85,592.5,1229800.0,595.98
596.45,599.5,591.77,1032300.0,593.35
590.4,591.86,587.03,929900.0,589.02
588.07,592.5,584.7533,984100.0,590.6
588.75,589.7,583.515,1346200.0,585.61
586.55,589.5,584.0,1013700.0,587.42
580.6,583.6499,570.0,2097000.0,571.6
570.4,575.9599,562.85,1949900.0,566.07
569.04,575.35,564.1,1423400.0,573.15
570.05,571.98,562.61,1547000.0,565.07
561.78,570.7,560.0,1330700.0,566.374
568.0,569.89,561.1,1107900.0,563.36
563.56,570.25,560.35,1490700.0,568.77
569.99,570.49,566.0,1211400.0,567.88
564.52,565.9,560.88,1537800.0,562.73
567.31,575.0,565.75,1437900.0,574.78
576.18,577.9,570.88,982800.0,574.65
577.86,579.38,570.52,1515000.0,573.48
576.11,584.51,576.0,1280600.0,582.16
585.0,587.34,584.0,976000.0,586.86
585.88,586.7,582.57,1033900.0,584.49
583.82,584.5,581.14,912300.0,583.37
583.59,585.236,580.64,786900.0,582.56
584.72,585.0,579.0,1357700.0,580.2
581.26,581.8,576.58,1635200.0,577.86
577.27,578.49,570.103,1698700.0,571.0
569.56,573.25,567.1,1289400.0,569.2
571.33,572.04,567.0692,1080800.0,571.6
571.85,577.83,571.19,1574100.0,577.33
580.0,582.99,575.0,1211800.0,577.94
580.0,586.0,579.22,1454200.0,581.98
583.98,586.55,581.95,1627900.0,586.08
586.6,591.77,586.3,1427100.0,589.72
588.9,589.0,580.0,1283700.0,581.01
581.5,583.5,576.94,974700.0,583.1
580.36,581.81,576.26,1217700.0,581.35
581.0,581.64,574.46,1597300.0,575.62
572.94,574.95,568.21,1593200.0,573.1
572.76,581.5,572.66,1476300.0,579.95
580.01,587.5199,578.775,1688200.0,584.77
587.0,589.54,585.0,1440600.0,589.27
591.5,596.48,589.5,3726400.0,596.08
593.82,593.949,583.46,1684900.0,587.37
586.85,586.85,581.0,1467400.0,581.13
581.46,589.63,580.52,1721085.0,587.99
587.55,587.98,574.18,1915643.0,575.06
576.06,579.25,574.66,1439807.0,577.1
571.75,578.19,571.17,1281204.0,576.36
576.93,579.85,572.85,1618437.0,577.36
576.01,577.5799,567.01,1445027.0,568.27
567.31,571.91,563.32,1175307.0,570.08
573.05,577.225,572.5,1138636.0,575.28
578.8,581.0,574.44,1211320.0,577.35
574.4,575.27,563.74,1906427.0,563.74
565.57,573.88,557.49,1987888.0,572.5
571.18,571.49,559.06,2519693.0,560.88
557.72,565.1299,544.05,3078634.0,544.49
544.99,549.5,533.1,2578676.0,533.21
538.9,547.19,533.1695,2217230.0,537.94
531.01,532.8,518.3,3712536.0,530.03
519.0,529.43,515.0,3698423.0,524.51
527.25,530.98,508.53,5530674.0,511.17
509.45,521.76,508.1,2605505.0,520.84
525.19,526.79,519.11,2332531.0,526.54
529.89,539.8,528.8,2917183.0,532.71
539.32,547.22,535.85,2345296.0,543.98
544.36,544.88,535.79,1972047.0,539.78
537.03,544.41,537.03,1184973.0,540.77
543.0,548.98,541.62,1273372.0,548.9
550.0,554.19,546.98,1767107.0,549.33
548.95,552.8,543.51,1451667.0,550.31
559.35,559.57,554.75,2032887.0,559.08
555.5,557.9,553.23,1378511.0,555.22
553.0,555.5,549.3,1240761.0,554.11
556.8,556.8,544.05,2026740.0,545.92
545.5,546.885,540.97,1329604.0,542.04
546.21,546.21,538.67,1629259.0,541.01
541.46,549.59,541.02,1131546.0,547.49
548.49,551.9399,546.3,964866.0,550.29
550.39,550.46,545.17,1126594.0,547.31
549.8,549.8,543.48,1335719.0,545.38
546.68,546.68,542.15,1285991.0,544.4
543.58,543.79,534.061,1721282.0,536.51
537.5,541.94,534.17,1957664.0,535.03
535.0,538.24,530.08,1388440.0,536.99
531.25,535.11,531.08,1559131.0,534.83
541.61,542.14,536.56,2218249.0,537.5
537.65,542.7,535.62,1701682.0,539.27
539.0,543.98,538.602,1784967.0,541.08
540.88,541.55,537.042,1519503.0,540.37
540.62,542.0,536.6,1145231.0,541.83
538.9,541.41,531.86,2109599.0,533.8
533.51,535.5,529.8,1522481.0,533.75
531.44,535.996,529.26,1279288.0,531.32
531.16,537.34,528.59,1392208.0,537.31
531.0,532.89,524.28,2558649.0,525.26
527.13,531.0,523.79,2327127.0,526.98
522.14,534.19,520.5,1871268.0,533.37
533.08,536.33,525.56,1716835.0,526.06
527.8,533.92,527.1,1610964.0,528.34
523.51,528.5,518.66,1989117.0,518.66
522.74,523.1,513.27,2812786.0,513.8
511.56,513.05,489.0,3953371.0,495.39
497.0,507.0,496.81,2875281.0,504.89
512.95,513.87,504.7,2918730.0,511.1
511.51,517.72,506.9106,3680148.0,516.35
516.08,526.46,516.08,2723599.0,524.87
527.0,534.56,526.29,2191567.0,530.59
530.51,531.759,527.02,704035.0,528.77
528.77,534.25,527.31,1037727.0,534.03
532.19,535.48,530.011,2276104.0,530.33
528.09,531.15,527.13,873923.0,530.42
531.25,532.6,525.8,1371819.0,526.4
529.01,531.27,524.1,1446662.0,524.81
523.26,524.33,513.06,2054238.0,513.87
515.0,516.175,501.05,2891950.0,501.96
507.0,507.244,499.65,2059366.0,501.1
497.99,503.48,491.0,3344395.0,502.68
504.76,504.92,494.79,2054956.0,496.17
494.94,495.976,487.56,2320446.0,492.55
498.84,502.98,492.39,2365687.0,496.18
494.65,503.23,493.0,2229638.0,500.87
505.57,505.68,497.76,2711355.0,501.79
500.01,508.19,500.0,2292043.0,508.08
511.0,512.5,506.016,2225922.0,506.9
507.25,519.28,506.2,2262455.0,518.04
521.48,536.33,519.7,2669558.0,534.39
535.59,542.17,533.0,2275485.0,539.95
538.53,539.0,529.67,1539524.0,535.21
529.97,530.7,518.19,1898844.0,518.63
522.78,522.99,510.0,1679230.0,510.0
511.0,511.09,501.2,4174924.0,510.66
515.86,539.87,515.52,5590977.0,534.52
531.73,533.0,518.55,2841976.0,528.48
528.0,533.4,523.26,2033085.0,529.24
529.24,532.6715,521.27,1659125.0,522.76
523.79,528.5,522.09,1844687.0,527.58
527.64,537.2,526.41,1758650.0,531.0
528.0,532.0,526.02,1264276.0,527.83
529.3,537.7,526.92,1745076.0,536.94
535.3,538.45,533.3775,1373970.0,535.97
537.25,544.82,534.673,1615824.0,542.93
543.35,549.91,543.13,1895126.0,549.01
546.83,550.0,541.09,1612439.0,542.84
541.4,545.49,537.51,1449089.0,539.7
538.04,543.11,538.01,987478.0,542.87
543.13,543.75,535.8,1441212.0,538.95
536.05,536.439,529.41,1453907.0,531.91
530.0,536.79,528.25,1002393.0,536.09
535.9,546.22,535.445,1821041.0,543.87
543.21,556.14,541.5,2305219.0,555.48
554.24,564.71,552.9,2403553.0,558.4
560.53,572.15,558.75,2123796.0,571.34
570.45,575.39,566.52,1700084.0,573.64
571.87,577.11,568.01,1871694.0,573.37
575.02,577.91,573.41,1385818.0,575.33
574.88,576.6799,566.76,1654561.0,567.685
566.86,570.27,563.535,1059336.0,568.85
564.25,564.85,554.73,1787357.0,555.01
555.14,558.14,550.68,1815763.0,551.18
553.51,556.37,550.46,1385772.0,555.51
553.5,558.4,544.22,1698872.0,547.32
550.95,556.85,546.0,1636493.0,554.51
551.71,553.8,548.0,1800570.0,550.84
552.5,559.78,547.0001,2128714.0,559.5
559.39,560.8,556.145,1194049.0,557.99
561.65,561.72,559.05,2609690.0,560.36
560.43,562.36,555.83,1639306.0,558.81
562.56,574.59,561.21,2576234.0,570.19
570.5,572.26,558.74,2146384.0,558.785
557.59,558.9,550.65,1568331.0,555.17
553.0,555.28,548.13,1892323.0,548.34
551.62,553.47,548.17,1283958.0,552.03
550.0,554.71,546.72,1583677.0,548.0
548.6,551.14,539.5,1957718.0,542.56
540.85,540.85,533.8467,1711737.0,535.53
532.22,538.41,529.57,1320767.0,536.765
538.08,542.69,536.0,1299298.0,537.02
538.38,543.85,538.38,1175332.0,541.61
541.03,541.95,535.49,1553586.0,540.78
542.29,542.29,537.31,1405574.0,540.01
538.41,544.06,537.31,1640809.0,539.17
536.25,537.5699,528.0925,2597043.0,530.39
528.7,534.73,523.22,2312512.0,532.53
529.9,535.59,529.61,1296304.0,533.8
528.66,529.84,521.01,2145955.0,524.05
525.6,536.09,524.5,1675487.0,535.38
537.51,539.39,533.675,1839668.0,533.97
534.4,541.08,531.75,1589248.0,539.365
541.0,550.96,540.23,4173376.0,547.0
566.1,571.14,557.25,4919031.0,565.06
563.39,565.95,553.2001,2398039.0,555.37
554.64,556.02,550.366,1490983.0,553.68
550.47,553.68,546.905,1698761.0,549.08
547.87,548.59,535.05,2082214.0,537.34
538.43,539.54,532.1,1768181.0,537.9
538.53,544.07,535.06,1307960.0,540.78
538.21,539.74,530.3906,1383068.0,530.8
531.24,532.38,521.085,1566987.0,524.22
523.99,533.46,521.75,1546278.0,530.7
536.65,541.15,536.0,1527615.0,538.22
538.37,541.98,535.4,905285.0,535.7
531.6,533.2089,525.26,1634174.0,529.04
530.56,534.3215,528.655,1253063.0,529.62
533.77,539.0,532.41,1403935.0,538.4
539.18,539.2743,530.38,1971343.0,533.85
532.01,534.82,528.85,2003421.0,532.3
533.98,540.66,533.04,1966947.0,537.36
538.49,542.92,532.972,1430826.0,539.27
537.95,543.8399,535.98,1462695.0,542.51
540.15,544.19,539.51,1176214.0,540.11
538.12,539.0,529.88,2406512.0,532.32
532.8,540.55,531.71,1525019.0,539.79
538.01,540.61,536.25,1029849.0,539.78
537.37,538.63,531.45,2597407.0,532.11
536.79,536.79,529.76,1904332.0,533.99
532.93,543.0,531.33,1938989.0,539.18
539.91,543.5,537.11,1717036.0,540.31
537.76,540.59,534.32,1348337.0,536.7
536.35,537.2,532.52,1388220.0,533.33
533.31,534.12,526.24,1524139.0,526.83
527.56,529.2,523.01,1455266.0,526.69
529.36,538.36,529.35,1814958.0,536.69
538.425,538.98,533.02,1217536.0,534.61
531.6,533.12,530.16,955789.0,532.33
528.0,528.3,524.0,1632702.0,527.2
528.4,529.6399,525.56,1071814.0,528.15
529.37,530.98,525.1,1294216.0,529.26
531.0,538.15,530.79,1833109.0,536.73
537.21,538.25,533.01,1893497.0,536.69
539.59,543.74,537.53,1250282.0,538.19
539.64,541.499,535.25,1197450.0,540.48
540.0,540.0,535.66,1286608.0,537.84
538.87,540.9,535.23,1335697.0,535.23
537.26,537.76,531.35,2109130.0,531.69
525.01,528.61,520.54,1937821.0,521.52
526.02,526.25,520.5,2235595.0,520.51
524.73,525.69,518.2305,1961354.0,521.84
521.08,524.65,521.08,1235903.0,523.4
519.5,525.25,519.0,1280525.0,522.86
523.13,526.18,515.18,1597229.0,525.02
521.05,522.734,516.11,1296699.0,516.83
523.12,523.77,520.35,1842347.0,520.68
526.29,532.56,525.55,1956682.0,530.13
532.88,547.11,532.4001,2206475.0,546.55
546.76,565.8487,546.71,3244066.0,561.1
560.13,566.5029,556.79,1784554.0,560.22
565.12,580.68,565.0,4768318.0,579.85
649.0,674.468,645.0,11164943.0,672.93
659.24,668.88,653.01,5860872.0,663.02
655.21,673.0,654.3,3377196.0,662.3
660.89,678.64,659.0,3929309.0,662.1
661.27,663.63,641.0,3029109.0,644.28
647.0,648.17,622.52,3625747.0,623.56
621.0,634.3,620.5,2675381.0,627.26
632.83,632.83,623.31,1727327.0,628.0
628.8,633.36,622.65,1575069.0,631.93
630.0,635.22,622.05,1474203.0,632.59
631.38,632.91,625.5,1706149.0,625.61
625.34,633.0556,625.34,1304511.0,631.21
628.42,634.81,627.16,1490881.0,629.25
634.33,647.86,633.16,2008659.0,643.78
645.0,645.379,632.25,1572600.0,642.68
640.23,642.68,629.71,1403865.0,635.3
639.48,643.44,631.249,1809205.0,633.73
669.2,674.9,654.27,5029203.0,660.78
663.08,665.0,652.29,2940803.0,659.56
659.3225,664.5,651.661,1810749.0,656.45
655.01,659.855,652.66,1072061.0,657.12
656.8,661.38,651.24,1051699.0,660.87
661.9,664.0,653.46,1456059.0,656.13
656.6,667.0,654.19,2134098.0,660.9
655.46,662.99,642.9,2855299.0,646.83
639.78,640.05,612.33,4265183.0,612.48
573.0,614.0,565.05,5770302.0,589.61
614.91,617.45,581.11,3537966.0,582.06
610.35,631.71,599.05,4235891.0,628.62
639.4,643.59,622.0,3491336.0,637.61
632.82,636.88,624.56,1978733.0,630.38
627.54,635.8,617.68,2176737.0,618.25
602.36,612.86,594.1,3702105.0,597.79
605.68,614.34,599.71,2575620.0,614.34
617.0,619.71,602.8213,1759572.0,606.25
600.0,603.47,595.25,2089453.0,600.7
612.49,616.31,604.12,2279538.0,614.66
621.22,626.52,609.6,1702094.0,612.72
613.1,624.16,611.43,1905276.0,621.35
619.75,625.78,617.42,1373545.0,625.77
625.7,625.86,619.43,1702271.0,623.24
626.7,638.7,623.78,2084397.0,635.14
635.47,637.95,632.32,1286454.0,635.98
637.79,650.9,635.02,2274690.0,642.9
636.79,640.0,627.02,5133386.0,629.25
634.4,636.49,625.94,1788506.0,635.44
627.0,627.55,615.43,2562869.0,622.69
622.05,628.93,620.0,1470949.0,622.36
616.64,627.32,612.4,2240098.0,625.8
629.77,629.77,611.0,2174009.0,611.97
610.34,614.605,589.38,3110651.0,594.89
597.28,605.0,590.22,2310284.0,594.97
603.28,608.76,600.73,2332087.0,608.42
608.37,612.09,599.85,1867601.0,611.29
607.2,627.34,603.13,2684805.0,626.91
632.0,643.01,627.0,1803643.0,641.47
638.84,649.25,636.5295,2236847.0,645.44
649.24,650.609,632.15,2092714.0,642.36
641.36,644.45,625.56,2182081.0,639.16
640.0,645.99,635.318,1648736.0,643.61
642.09,648.5,639.01,1276134.0,646.67
643.15,657.8125,643.15,1807685.0,652.3
653.21,659.39,648.85,1415468.0,651.16
654.66,663.13,654.46,1885737.0,661.74
664.11,664.97,657.2,1611128.0,662.2
661.18,666.82,659.58,1477340.0,666.1
664.04,664.7197,644.195,2498215.0,650.28
654.15,655.87,641.73,1794172.0,642.61
646.7,657.8,644.01,4070954.0,651.79
727.5,730.0,701.5,6653923.0,702.0
701.55,719.15,701.26,2716615.0,712.78
707.38,713.62,704.55,2245796.0,708.49
707.33,712.98,703.08,2178917.0,712.95
710.5,718.26,710.01,1455965.0,716.92
715.73,718.0,710.05,1908774.0,710.81
711.06,721.62,705.85,1886250.0,721.11
718.86,724.65,714.72,1565379.0,722.16
722.0,733.1,721.9,1706700.0,728.11
729.47,739.48,729.47,1861550.0,731.25
731.5,735.41,727.01,1511599.0,733.76
730.2,734.71,719.43,2069807.0,724.89
724.4,730.59,718.5001,1607994.0,728.32
732.46,741.0,730.23,1366995.0,735.4
731.0,737.8,728.645,1837154.0,731.23
729.17,731.15,716.73,2075504.0,717.0
715.6,729.49,711.33,1905893.0,728.96
729.29,731.845,723.027,1506733.0,725.3
727.58,741.41,727.0,1684259.0,740.0
738.74,742.0,737.43,1327879.0,738.41
746.53,757.92,743.0,2213284.0,756.6
757.45,762.7075,751.82,1415385.0,755.98
752.0,755.279,737.63,2334197.0,748.28
748.14,752.0,746.06,1122224.0,748.15
748.46,753.41,747.49,838528.0,750.26
748.81,754.93,741.27,2097624.0,742.6
747.11,768.95,746.7,2134621.0,767.04
768.9,775.955,758.96,2230373.0,762.38
766.01,768.995,745.63,2590641.0,752.54
753.1,768.49,750.0,2757283.0,766.81
767.77,768.73,755.09,1812314.0,763.25
757.89,764.8,754.2,1829475.0,762.37
759.17,764.23,737.001,2699990.0,751.61
752.85,755.85,743.83,1988380.0,749.46
741.16,745.71,736.75,2224410.0,738.87
741.79,748.73,724.17,2421236.0,747.77
753.0,758.08,743.01,2666229.0,743.4
750.0,760.59,739.435,1993251.0,758.09
762.42,762.68,749.0,1553418.0,749.43
746.51,754.13,738.15,3148743.0,739.31
746.13,750.0,740.0,1525703.0,747.77
751.65,754.85,745.53,1365520.0,750.0
753.47,754.21,744.0,1566726.0,750.31
749.55,751.35,746.62,527223.0,748.4
752.92,762.99,749.52,1515716.0,762.51
766.69,779.98,766.43,1765012.0,776.6
776.6,777.6,766.9,1293521.0,771.0
769.5,769.5,758.34,1500923.0,758.88
743.0,744.06,731.2577,3272776.0,741.84
746.45,752.0,738.64,1950691.0,742.58
730.0,747.18,728.92,1947034.0,743.62
730.31,738.5,719.06,2963741.0,726.39
731.45,733.23,713.0,2450857.0,714.47
716.61,718.855,703.54,2090621.0,716.03
721.68,728.75,717.3165,2024509.0,726.07
730.85,734.74,698.61,2501730.0,700.56
705.38,721.925,689.1,2225768.0,714.72
692.29,706.74,685.37,3608109.0,694.45
703.3,709.98,693.4101,2268078.0,701.79
688.61,706.85,673.26,3444962.0,698.45
702.18,719.19,694.46,2412211.0,706.59
723.6,728.13,720.121,2011797.0,725.25
723.58,729.68,710.01,1711716.0,711.67
713.85,718.28,706.48,1331691.0,713.04
713.67,718.235,694.39,2194227.0,699.99
722.22,733.69,712.35,2676397.0,730.96
731.53,744.9899,726.8,3474319.0,742.95
750.46,757.86,743.27,5139157.0,752.0
784.5,789.8699,764.65,6348126.0,764.65
770.22,774.5,720.5,6171019.0,726.95
722.81,727.0,701.86,5168709.0,708.01
703.87,703.99,680.15,5105725.0,683.57
667.85,684.03,663.06,4247355.0,682.74
672.32,699.9,668.77,3608914.0,678.11
686.86,701.31,682.13,2638007.0,684.12
675.0,689.35,668.8675,3024043.0,683.11
690.26,693.75,678.6,2141373.0,682.4
692.98,698.0,685.05,2520021.0,691.0
699.0,709.75,691.38,2492634.0,708.4
710.0,712.35,696.03,1883248.0,697.35
695.03,703.0805,694.05,1589281.0,700.91
707.45,713.24,702.51,1949816.0,706.46
701.45,708.4,693.58,2009280.0,695.85
688.92,700.0,680.78,1963573.0,699.56
700.01,705.98,690.585,1642166.0,705.75
708.58,713.43,700.86,2243522.0,705.07
700.32,710.89,697.68,2481145.0,697.77
703.62,718.81,699.77,2151419.0,718.81
719.0,720.0,712.0,1629003.0,718.85
718.68,719.45,706.02,1957974.0,712.42
714.99,716.49,706.02,1972077.0,710.89
706.9,708.0912,686.9,2988026.0,695.16
688.59,703.79,685.34,2058471.0,693.97
698.47,705.68,694.0,1421515.0,705.24
708.12,716.44,703.36,2833525.0,712.82
720.0,726.92,717.125,1970815.0,726.82
726.81,735.5,725.15,1718252.0,730.49
726.92,732.29,724.77,1720965.0,728.33
726.37,737.47,724.51,1624370.0,736.09
736.45,743.07,736.0,1860834.0,737.78
741.86,742.0,731.83,2980709.0,737.6
736.5,742.5,733.5157,1836503.0,742.09
737.46,745.0,737.46,1269749.0,740.75
742.36,745.7199,736.15,1432099.0,738.06
732.01,737.747,731.0,1594891.0,735.3
736.79,738.99,732.5,1301327.0,733.53
734.59,747.25,728.76,1903758.0,744.77
750.1,757.88,748.74,1782427.0,750.53
749.25,750.85,740.94,1718798.0,744.95
738.6,750.34,737.0,1576745.0,749.91
750.06,752.8,742.43,1134390.0,745.29
738.0,742.8,735.37,1132294.0,737.8
735.77,746.24,735.56,1053713.0,745.69
745.37,746.9999,736.28,1453185.0,740.28
743.97,745.45,735.55,1290787.0,739.15
743.02,745.0,736.05,1220088.0,736.1
738.0,743.83,731.01,1352992.0,743.09
749.16,754.38,744.261,1707641.0,751.72
754.01,757.31,752.705,1135271.0,753.2
753.98,761.0,752.6938,1809332.0,759.0
760.46,768.05,757.3,1558848.0,766.61
769.51,769.9,749.33,2030526.0,753.93
758.0,758.1315,750.01,1529217.0,752.67
755.38,760.45,749.55,3060490.0,759.14
726.3,736.12,713.61,5951938.0,718.77
716.1,723.93,715.59,1959179.0,723.15
725.42,725.766,703.0264,2744587.0,708.14
707.29,708.98,692.3651,3098587.0,705.84
708.26,714.17,689.55,2867255.0,691.02
690.7,697.62,689.0,2487673.0,693.01
697.63,700.64,691.0,1645265.0,698.21
696.87,697.84,692.0,1543785.0,692.36
690.49,699.75,689.01,1693525.0,695.7
697.7,702.3199,695.72,1683507.0,701.43
698.38,711.86,698.1067,1829291.0,711.12
712.0,718.71,710.0,1510289.0,712.9
716.75,723.5,715.72,1569591.0,723.18
723.41,724.48,712.8,1692063.0,715.29
717.06,719.25,709.0,1361332.0,713.31
711.93,716.6619,709.26,1314499.0,710.83
709.13,718.48,705.65,1317069.0,716.49
715.99,721.52,704.11,2001225.0,706.23
703.67,711.6,700.63,1766836.0,706.63
702.36,706.0,696.8,1670234.0,700.32
701.62,714.58,700.52,1828387.0,709.74
706.53,711.4781,704.18,1330692.0,704.24
706.86,720.97,706.86,1929467.0,720.09
720.76,727.51,719.7047,1632564.0,725.27
722.87,728.33,720.28,1576286.0,724.12
724.01,733.936,724.0,1974962.0,732.66
731.74,739.73,731.26,2129545.0,735.72
734.53,737.21,730.66,1253593.0,734.15
732.5,733.02,724.17,1341807.0,730.4
729.27,729.49,720.56,1226253.0,722.34
724.91,724.91,714.61,1566059.0,716.55
719.84,721.98,716.55,1336754.0,716.65
723.96,728.57,720.58,1583701.0,728.28
722.87,729.54,722.3361,988914.0,728.58
719.47,725.89,716.43,1216443.0,719.41
716.51,725.44,716.51,1258930.0,718.36
716.48,722.47,713.12,1306065.0,718.27
719.0,722.98,717.31,1214517.0,718.92
714.91,716.65,703.26,1982471.0,710.36
708.65,708.82,688.4515,3402357.0,691.72
698.77,702.48,693.41,2082538.0,693.71
698.4,702.77,692.01,1465634.0,695.94
699.06,700.86,693.0819,1184318.0,697.46
697.45,701.95,687.0,2171415.0,701.87
675.17,689.4,673.45,4449022.0,675.22
671.0,672.3,663.284,2641085.0,668.26
678.97,680.33,673.0,2173762.0,680.04
683.0,687.4292,681.41,1932561.0,684.11
685.47,692.32,683.65,1597714.0,692.1
692.2,700.65,692.1301,1344710.0,699.21
696.06,696.94,688.88,1462616.0,694.49
689.98,701.68,689.09,1411925.0,697.77
698.08,698.2,688.215,1304200.0,695.36
699.5,705.71,696.435,1575166.0,705.63
708.05,716.51,707.24,1111762.0,715.09
719.12,722.94,715.91,1336921.0,720.64
723.62,724.0,716.85,935876.0,716.98
721.58,722.21,718.03,950193.0,720.95
725.73,725.74,719.055,1279339.0,719.85
722.71,736.13,721.19,1295476.0,733.78
729.89,736.99,729.0,1227486.0,736.96
737.33,742.13,737.1,1289671.0,741.19
740.36,741.69,735.831,1026306.0,738.63
741.86,743.24,736.56,1259823.0,742.74
740.67,742.61,737.5,1032432.0,739.77
739.04,741.69,734.27,1186738.0,738.42
738.28,744.46,737.0,1512517.0,741.77
747.04,748.65,739.3,3530169.0,745.91
772.71,778.55,766.77,3841482.0,768.79
761.09,780.43,761.09,2700470.0,772.88
768.69,775.84,767.85,1784525.0,771.07
767.18,773.21,766.82,1287421.0,773.18
772.22,774.07,768.795,1140254.0,771.61
773.78,783.04,772.34,1801205.0,782.22
782.0,782.63,778.091,1107857.0,781.76
781.1,788.94,780.57,1318894.0,784.26
783.75,786.8123,782.778,786363.0,784.68
785.0,789.75,782.97,975113.0,784.85
781.5,783.395,780.4,740498.0,783.22
783.75,787.49,780.11,938186.0,782.44
780.3,780.98,773.444,1028047.0,777.14
777.32,780.81,773.53,924226.0,779.91
780.01,782.86,777.0,719429.0,777.5
775.0,777.1,773.13,861546.0,775.42
773.27,774.54,770.0502,951362.0,772.15
775.48,776.44,771.785,928232.0,772.08
770.58,774.5,767.07,1071999.0,769.64
767.0,771.89,763.1846,926883.0,769.41
769.0,776.0799,765.85,1166681.0,769.54
768.74,774.99,766.615,847565.0,772.15
769.33,774.466,766.84,1130029.0,769.09
767.01,769.09,765.38,1248556.0,767.05
769.25,771.02,764.3,925131.0,768.78
773.01,773.9199,768.41,1072658.0,771.46
773.45,782.0,771.0,1442822.0,780.08
780.0,782.73,776.2,894021.0,780.35
778.59,780.35,773.58,1270264.0,775.32
770.1,773.245,759.66,1885496.0,759.66
755.13,770.29,754.0001,1310986.0,769.02
764.48,766.2195,755.8,1395046.0,759.69
759.61,767.68,759.11,1094490.0,762.49
762.89,773.8,759.96,1346751.0,771.76
769.75,769.75,764.66,2049338.0,768.88
772.42,774.0,764.4406,1172824.0,765.7
769.0,773.33,768.53,978631.0,771.41
772.66,777.16,768.301,1167810.0,776.22
780.0,789.85,778.44,1486223.0,787.21
786.59,788.93,784.15,1411937.0,786.9
782.74,782.74,773.07,1533206.0,774.21
775.5,785.9899,774.308,1153247.0,783.01
777.85,781.81,774.97,1109834.0,781.56
781.44,785.8,774.232,1314746.0,775.01
776.33,780.94,774.09,1585333.0,777.29
774.25,776.065,769.5,1278821.0,772.56
776.03,778.71,772.89,1201350.0,776.43
779.31,782.07,775.65,1461151.0,776.47
779.0,780.48,775.54,1070692.0,776.86
779.66,779.66,770.75,933158.0,775.08
777.71,789.38,775.87,1174923.0,785.94
786.66,792.28,780.58,1372461.0,783.07
783.76,788.13,782.06,937435.0,786.14
781.22,781.22,773.0,1365277.0,778.19
781.65,783.95,776.0,852487.0,778.53
779.8,785.85,777.5,1092973.0,779.96
787.85,801.61,785.565,2056903.0,795.26
798.86,804.63,797.635,1766798.0,801.56
803.3,803.97,796.03,1757528.0,796.97
795.0,799.5,794.0,1266181.0,799.37
804.9,815.18,804.82,1697514.0,813.11
816.68,816.68,805.14,1576404.0,807.67
806.34,806.98,796.32,1647733.0,799.07
801.0,803.49,791.5,2749221.0,795.35
808.35,815.49,793.59,4269902.0,795.37
795.47,796.86,784.0,2427284.0,784.54
782.89,789.49,775.54,2406356.0,783.61
778.2,781.65,763.4496,1918414.0,768.7
767.25,769.95,759.03,1943175.0,762.13
750.66,770.36,750.5611,2134812.0,762.02
774.5,785.19,772.55,1585070.0,782.52
783.4,795.633,780.19,1366873.0,790.51
779.94,791.2265,771.67,2607121.0,785.31
791.17,791.17,752.18,4745183.0,762.56
756.54,760.78,750.38,2431815.0,754.02
755.6,757.85,727.54,3654385.0,736.08
746.97,764.4162,746.97,2384001.0,758.49
755.2,766.36,750.51,1472594.0,764.48
766.92,772.7,764.23,1304048.0,771.23
771.37,775.0,760.0,1547145.0,760.54
762.61,769.7,760.6,1330639.0,769.2
772.63,776.96,767.0,1593108.0,768.27
767.73,768.2825,755.25,1478417.0,760.99
764.26,765.0,760.52,587421.0,761.68
760.0,779.53,759.8,2188151.0,768.24
771.53,778.5,768.24,1616618.0,770.84
770.07,772.99,754.83,2392890.0,758.04
757.44,759.85,737.0245,3017947.0,747.92
744.59,754.0,743.1,1452484.0,750.5
757.71,763.9,752.9,1394223.0,762.52
764.73,768.83,757.34,1690689.0,759.11
761.0,771.36,755.8,1760966.0,771.19
772.48,778.18,767.23,1488059.0,776.42
780.0,789.43,779.021,1821914.0,789.29
785.04,791.25,784.3554,2104117.0,789.27
793.9,804.3799,793.34,2145209.0,796.1
797.4,804.0,794.01,1704150.0,797.07
797.34,803.0,792.92,1626499.0,797.85
800.4,800.8558,790.29,2443796.0,790.8
790.22,797.66,786.27,1232087.0,794.2
796.76,798.65,793.27,951014.0,796.42
795.84,796.6757,787.1,1211346.0,794.56
792.36,793.32,788.58,972169.0,791.26
790.9,792.74,787.28,623944.0,789.91
790.68,797.86,787.657,789321.0,791.55
793.7,794.23,783.2,1153824.0,785.05
783.33,785.93,778.92,744272.0,782.79
782.75,782.78,770.41,1769950.0,771.82
778.81,789.63,775.8,1657268.0,786.14
788.36,791.34,783.16,1072958.0,786.9
786.08,794.48,785.02,1335167.0,794.02
795.26,807.9,792.2041,1640170.0,806.15
806.4,809.9664,802.83,1274645.0,806.65
807.86,809.1299,803.51,1176780.0,804.79
805.0,808.15,801.37,1065936.0,807.91
807.14,807.39,799.17,1353057.0,806.36
807.48,811.2244,806.69,1099215.0,807.88
807.08,807.14,800.37,1362115.0,804.61
805.81,806.205,800.99,1294407.0,806.07
805.12,809.48,801.8,919325.0,802.175
806.91,806.91,801.69,1670045.0,805.02
807.25,820.87,803.74,1963628.0,819.31
822.3,825.9,817.821,1474010.0,823.87
829.62,835.77,825.06,1627304.0,835.67
837.81,838.0,827.01,2973891.0,832.15
834.71,841.95,820.44,2965771.0,823.31
814.66,815.84,799.8,3246573.0,802.32
796.86,801.25,790.52,2160556.0,796.79
799.68,801.19,791.19,2029744.0,795.695
793.8,802.7,792.0,1532138.0,798.53
802.99,806.0,800.37,1463448.0,801.49
799.7,801.67,795.2501,1184483.0,801.34
803.99,810.5,801.78,1241221.0,806.97
807.0,811.84,803.1903,1155990.0,808.38
809.51,810.66,804.54,990391.0,809.56
811.7,815.25,809.78,1134976.0,813.67
816.0,820.959,815.49,1213324.0,819.24
819.0,823.0,816.0,1054732.0,820.45
819.36,823.0,818.47,1313617.0,818.98
819.93,824.4,818.98,1287626.0,824.16
823.02,828.07,821.655,1611039.0,828.07
828.66,833.45,828.35,1262337.0,831.66
828.66,833.25,828.64,987248.0,830.76
830.12,832.46,822.88,1472771.0,831.33
827.73,829.0,824.2,1392202.0,828.64
824.55,830.5,824.0,1101466.0,829.28
825.61,828.54,820.2,2260769.0,823.21
828.85,836.255,827.26,1496540.0,835.24
833.85,834.51,829.64,942476.0,830.63
830.56,831.36,825.751,896378.0,829.08
826.95,828.88,822.4,1109037.0,827.78
827.4,833.41,826.52,1037630.0,831.91
833.51,838.15,831.79,989773.0,835.37
836.0,842.0,834.21,1261517.0,838.68
843.28,844.91,839.5,1704024.0,843.25
844.0,848.685,843.25,1223647.0,845.54
843.64,847.24,840.8,780198.0,845.62
847.59,848.63,840.77,1381474.0,847.2
849.03,850.85,846.13,977560.0,848.78
851.61,853.4,847.11,1716471.0,852.12
850.01,850.22,845.15,1231521.0,848.4
851.4,853.5,829.02,2463484.0,830.46
831.91,835.55,827.1801,1401465.0,829.59
821.0,822.57,812.257,3487056.0,817.58
820.08,821.93,808.89,1981006.0,814.43
806.95,821.63,803.37,1894990.0,819.51
820.41,825.99,814.027,1620542.0,820.92
825.0,832.765,822.3801,1786321.0,831.41
833.5,833.68,829.0,1055339.0,831.5
828.97,831.64,827.39,1401893.0,829.56
829.22,840.85,829.22,1671503.0,838.55
831.36,835.18,829.036,1045363.0,834.57
835.51,842.45,830.72,1555328.0,831.41
832.4,836.39,826.46,1254433.0,827.88
827.96,828.485,820.513,1056692.0,824.67
825.39,829.35,823.77,978905.0,824.73
824.71,827.427,817.02,1079732.0,823.35
821.93,826.66,821.02,900480.0,824.32
822.14,826.38,821.44,1122362.0,823.56
825.01,837.75,824.47,895015.0,837.17
834.22,838.93,832.71,836722.0,836.82
839.79,842.22,836.29,954330.0,838.21
841.44,845.2,839.32,959031.0,841.65
842.88,843.88,840.6,1323583.0,843.19
851.2,863.45,849.86,1371581.0,862.76
865.0,875.0,862.81,1654161.0,872.3
874.23,876.05,867.748,1188464.0,871.73
873.6,875.4,870.38,1734197.0,874.25
910.66,916.85,905.77,3160585.0,905.96
901.94,915.68,901.45,2100457.0,912.57
909.62,920.77,909.453,1520766.0,916.44
914.86,928.1,912.543,1477329.0,927.04
926.07,935.93,924.59,1405844.0,931.66
933.54,934.9,925.2,1904731.0,927.13
926.12,936.925,925.26,1319052.0,934.3
936.95,937.5,929.53,1575628.0,932.17
931.98,932.0,925.16,1170055.0,928.78
925.32,932.53,923.03,830838.0,930.6
931.53,933.44,927.85,1038409.0,932.22
932.95,938.25,929.34,1094283.0,937.08
940.0,943.11,937.58,956692.0,943.0
935.67,939.333,918.14,2323389.0,919.62
921.0,933.17,918.75,1586465.0,930.24
931.47,937.755,931.0,1382221.0,934.01
935.0,941.883,935.0,1092176.0,941.86
947.92,951.467,942.575,1259285.0,948.82
952.98,955.09,949.5,990248.0,954.96
957.33,972.629,955.47,1645873.0,969.54
969.7,974.98,965.03,1246186.0,971.47
970.31,976.2,969.49,1455686.0,975.88
975.02,979.27,960.18,2426589.0,964.86
968.95,971.5,960.01,1403200.0,966.95
969.46,975.88,966.0,1717212.0,975.6
976.55,986.91,975.1,1221971.0,983.68
983.16,988.25,975.14,1796904.0,976.57
980.0,983.98,975.94,1429834.0,980.94
982.35,984.57,977.2,1451232.0,983.41
984.5,984.5,935.63,3270248.0,949.83
939.56,949.355,915.233,3731589.0,942.9
951.91,959.98,944.09,1995350.0,953.4
959.92,961.15,942.25,1477033.0,950.76
933.97,943.339,924.44,2055953.0,942.31
940.0,942.04,931.595,2921393.0,939.78
949.96,959.99,949.05,1494191.0,957.37
957.52,961.62,950.01,1111840.0,950.63
953.64,960.1,950.76,1192342.0,959.45
958.7,960.72,954.55,940373.0,957.09
956.83,966.0,954.2,1394008.0,965.59
969.9,973.31,950.79,1581031.0,952.27
942.46,948.29,926.85,2553771.0,927.33
929.0,942.75,916.0,2712222.0,940.49
929.92,931.26,910.62,3248393.0,917.79
926.05,926.05,908.31,2035931.0,908.73
912.18,913.94,894.79,1710189.0,898.7
901.76,914.51,898.5,1743497.0,911.71
904.12,914.9444,899.7,1409533.0,906.69
908.85,921.54,908.85,1588034.0,918.59
921.77,930.38,919.59,1189085.0,928.8
929.54,931.43,922.0,1093281.0,930.09
938.68,946.3,934.47,1505982.0,943.83
946.29,954.45,943.01,1291782.0,947.16
952.0,956.91,948.005,1017632.0,955.99
957.0,960.74,949.241,1141026.0,953.42
953.0,968.04,950.6,1131130.0,965.4
967.84,973.04,964.03,1212814.0,970.89
975.0,975.9,961.51,1577103.0,968.15
962.25,973.23,960.15,1665103.0,972.92
972.22,986.2,970.77,2634669.0,980.34
953.81,959.7,945.4,4626086.0,950.7
954.68,955.0,942.279,2056013.0,947.8
951.78,951.78,920.0,3095263.0,934.09
929.4,943.83,927.5,1775076.0,941.53
941.89,943.59,926.04,1952716.0,930.5
932.38,937.447,929.26,1211553.0,930.83
928.61,932.6,916.68,1816343.0,930.39
930.34,932.24,922.24,1179126.0,923.65
926.75,930.307,923.03,1019159.0,927.96
929.06,931.7,926.5,1012296.0,929.36
927.09,935.814,925.61,1039394.0,926.79
920.61,925.98,917.25,1169431.0,922.9
917.55,919.26,906.13,1722296.0,907.24
907.97,917.78,905.58,1190458.0,914.39
922.53,924.668,918.19,1047828.0,922.67
924.23,926.55,919.82,873070.0,922.22
925.29,932.7,923.445,988604.0,926.96
925.78,926.86,910.98,1218963.0,910.98
910.31,915.275,907.154,1333572.0,910.67
910.0,913.0,903.4,932903.0,906.66
912.72,925.86,911.475,1145571.0,924.69
921.93,929.93,919.36,1077809.0,927.0
928.66,930.84,915.5,1218875.0,921.28
923.49,925.555,915.5,1040693.0,915.89
916.0,919.245,911.87,1072467.0,913.81
905.1,923.33,905.0,1180160.0,921.29
920.05,930.819,919.65,1282093.0,929.57
931.76,941.98,931.76,1553301.0,939.33
941.13,942.48,935.15,913404.0,937.34
933.08,937.0,921.96,1202163.0,928.45
930.15,930.915,919.27,1468808.0,927.81
931.73,936.41,923.62,1200257.0,935.95
936.49,936.99,924.88,993832.0,926.5
934.25,938.38,926.92,1247138.0,929.08
932.59,933.48,923.861,1120449.0,932.07
930.66,937.25,929.86,1066051.0,935.09
931.25,932.77,924.0,1389012.0,925.11
924.66,926.49,916.36,2475031.0,920.29
920.01,922.08,910.6,1263456.0,915.0
917.42,922.42,912.55,902415.0,921.81
922.98,933.88,922.0,1518166.0,931.58
933.0,936.53,923.83,1207656.0,932.45
927.75,934.73,926.48,1038551.0,928.53
925.45,926.4,909.7,1822881.0,920.97
923.72,930.82,921.14,1652848.0,924.86
927.74,949.9,927.74,2202959.0,944.49
941.36,950.69,940.55,959648.0,949.5
952.0,959.786,951.51,1533133.0,959.11
959.98,962.54,947.84,1222026.0,953.27
954.0,958.0,949.14,881562.0,957.79
957.0,960.39,950.69,881380.0,951.68
955.49,970.91,955.18,1202101.0,969.96
966.7,979.46,963.36,1142699.0,978.89
980.0,985.425,976.11,886700.0,977.0
980.0,981.57,966.08,956419.0,972.6
973.72,990.71,972.25,1663731.0,989.25
987.45,994.12,985.0,1259082.0,987.83
992.0,997.21,989.0,1143907.0,989.68
992.1,993.907,984.0,900751.0,992.0
990.29,996.44,988.59,1266399.0,992.18
991.77,996.72,986.975,1022521.0,992.81
986.0,988.88,978.39,1282755.0,984.45
989.44,991.0,984.58,1120038.0,988.2
989.52,989.52,966.12,1431886.0,968.45
970.0,972.23,961.0,1155231.0,970.54
968.37,976.09,960.52,1162606.0,973.33
980.0,987.6,972.2,1660850.0,972.56
1009.19,1048.39,1008.2,5125791.0,1019.27
1014.0,1024.97,1007.5,2074619.0,1017.11
1015.22,1024.0,1010.42,1324961.0,1016.64
1017.21,1029.67,1016.95,1360900.0,1025.5
1021.76,1028.09,1013.01,1008190.0,1025.58
1022.11,1032.65,1020.31,1058037.0,1032.48
1028.99,1034.87,1025.0,1119131.0,1025.9
1027.27,1033.97,1025.13,1089887.0,1033.33
1030.52,1043.522,1028.45,1088716.0,1039.85
1033.99,1033.99,1019.666,1236903.0,1031.26
1026.46,1030.76,1025.28,719227.0,1028.07
1023.42,1031.58,1022.57,878969.0,1025.75
1022.59,1026.81,1014.15,947273.0,1026.0
1019.21,1024.09,1015.42,859951.0,1020.91
1022.52,1035.92,1022.52,1129423.0,1032.5
1034.01,1034.42,1017.75,1350144.0,1019.09
1020.26,1022.61,1017.5,894844.0,1018.38
1023.31,1035.11,1022.655,1083715.0,1034.49
1035.0,1039.706,1031.43,716661.0,1035.96
1035.87,1043.18,1035.0,536958.0,1040.61
1040.0,1055.46,1038.44,1284354.0,1054.21
1055.09,1062.38,1040.0,1341000.0,1047.41
1042.68,1044.08,1015.65,2438875.0,1021.66
1022.37,1028.49,1015.0,1722913.0,1021.41
1015.8,1022.49,1002.02,1908944.0,1010.17
1012.66,1016.1,995.57,1891408.0,998.68
995.94,1020.61,988.28,2023376.0,1005.15
1001.5,1024.97,1001.14,1254837.0,1018.38
1020.43,1034.24,1018.07,1387107.0,1030.93
1037.49,1042.05,1032.52,1277894.0,1037.05
1035.5,1043.8,1032.05,1119052.0,1041.1
1039.63,1050.31,1033.69,1269883.0,1040.48
1046.12,1046.66,1038.38,1207286.0,1040.61
1045.0,1058.5,1043.11,1545616.0,1049.15
1054.61,1067.62,1049.5,3142760.0,1064.19
1066.08,1078.49,1062.0,1531522.0,1077.14
1075.2,1076.84,1063.55,1254615.0,1070.68
1071.78,1073.38,1061.52,1266115.0,1064.95
1064.95,1069.33,1061.79,974594.0,1063.63
1061.11,1064.2,1059.44,734566.0,1060.12
1058.07,1060.12,1050.2,756324.0,1056.74
1057.39,1058.37,1048.05,1214775.0,1049.37
1051.6,1054.75,1044.77,829623.0,1048.14
1046.72,1049.7,1044.9,867943.0,1046.4
1048.34,1066.94,1045.23,1223114.0,1065.0
1064.31,1086.29,1063.21,1416093.0,1082.48
1088.0,1093.57,1084.0,990510.0,1086.4
1094.0,1104.25,1092.0,1210974.0,1102.23
1102.23,1111.27,1101.62,1003098.0,1106.94
1109.4,1110.57,1101.23,897400.0,1106.26
1097.1,1104.6,1096.11,1038917.0,1102.61
1106.3,1106.53,1099.59,962696.0,1105.52
1102.41,1124.29,1101.15,1701377.0,1122.26
1132.51,1139.91,1117.83,1539230.0,1121.76
1126.22,1132.6,1117.01,1146089.0,1131.98
1131.41,1132.51,1117.5,1148920.0,1129.79
1131.83,1137.86,1128.3,1361390.0,1137.51
1137.49,1159.88,1135.11,1582504.0,1155.81
1159.85,1171.63,1158.75,1199326.0,1169.97
1177.33,1179.86,1161.05,1351237.0,1164.24
1172.53,1175.94,1162.76,1326436.0,1170.37
1175.08,1175.84,1158.11,1825680.0,1175.84
1176.48,1186.89,1171.98,1299218.0,1175.58
1167.83,1176.52,1163.52,1400132.0,1163.69
1170.57,1173.0,1159.13,1486793.0,1169.94
1162.61,1174.0,1157.52,1974700.0,1167.7
1122.0,1123.07,1107.28,4758496.0,1111.9
1090.6,1110.0,1052.03,3336352.0,1055.8
1027.18,1081.71,1023.14,3360727.0,1080.6
1081.54,1081.78,1048.26,2331374.0,1048.58
1055.41,1058.62,1000.66,2720942.0,1001.52
1017.25,1043.97,992.56,3267883.0,1037.78
1048.0,1061.5,1040.93,2038875.0,1051.94
1045.0,1058.37,1044.09,1209341.0,1052.1
1048.95,1071.72,1046.75,1515444.0,1069.7
1079.07,1091.48,1064.34,1777694.0,1089.52
1088.41,1104.67,1088.31,1664969.0,1094.8
1090.57,1113.95,1088.52,1381603.0,1102.46
1106.47,1133.97,1106.33,1493162.0,1111.34
1116.19,1122.82,1102.59,1306276.0,1106.63
1112.64,1127.28,1104.71,1158377.0,1126.79
1127.8,1143.96,1126.69,1492380.0,1143.75
1141.24,1144.04,1118.0,1741578.0,1118.29
1123.03,1127.53,1103.24,1858051.0,1104.73
1107.87,1110.12,1067.0,2515910.0,1069.52
1053.08,1082.0,1048.12,2271551.0,1078.92
1075.14,1097.1,1069.0,1202174.0,1090.93
1099.22,1101.85,1089.78,1532783.0,1095.06
1089.19,1112.22,1085.48,1292537.0,1109.64
1115.32,1127.6,1112.8,1240299.0,1126.0
1136.0,1160.8,1132.46,2074952.0,1160.04
1163.85,1177.05,1157.42,2076306.0,1164.5
1170.0,1176.76,1133.33,1808098.0,1138.17
1145.21,1158.59,1141.44,1192615.0,1149.49
1149.96,1161.08,1134.54,1392521.0,1149.58
1154.14,1155.88,1131.96,2560277.0,1135.73
1120.01,1121.99,1089.01,2339506.0,1099.82
1099.0,1105.2,1083.46,1783872.0,1097.71
1092.74,1106.3,1085.15,1640709.0,1090.88
1081.88,1082.9,1045.91,2580374.0,1049.08
1047.03,1063.36,1021.22,2113497.0,1021.57
1046.0,1055.63,1008.4,2558385.0,1053.21
1063.0,1064.84,996.92,3029471.0,1005.1
998.0,1024.23,980.64,3369275.0,1004.56
1011.63,1043.0,1002.9,2726830.0,1031.79
1022.82,1034.8,990.37,2680400.0,1006.47
1013.91,1020.99,994.07,2275076.0,1013.41
993.41,1028.72,993.0,2484651.0,1025.14
1041.33,1042.79,1020.13,1363049.0,1027.81
1020.0,1031.42,1003.03,1746430.0,1007.04
1016.8,1039.6,1014.08,1751559.0,1015.45
1026.44,1036.28,1011.34,2029648.0,1031.64
1027.99,1031.36,1015.87,1483881.0,1019.97
1025.04,1040.69,1021.43,1359389.0,1032.51
1040.88,1046.42,1022.98,1223017.0,1029.27
1037.0,1043.24,1026.74,1211208.0,1037.98
1051.37,1077.88,1048.26,2320266.0,1074.16
1077.43,1077.43,1066.22,1344138.0,1072.08
1069.4,1094.16,1068.18,1747671.0,1087.7
1082.0,1092.35,1069.57,1889686.0,1072.96
1077.86,1082.72,1060.7,2341258.0,1067.45
1052.0,1057.0,1010.59,4760260.0,1019.98
1025.52,1032.49,1015.31,2391105.0,1021.18
1029.51,1047.98,1018.19,2079533.0,1040.04
1046.0,1049.5,1025.59,1619796.0,1030.05
1030.01,1037.0,1016.85,1671254.0,1017.33
1013.66,1038.47,1008.21,1427857.0,1037.31
1028.1,1040.39,1022.87,1603081.0,1024.38
1019.0,1029.67,1006.29,1815058.0,1023.72
1016.9,1048.51,1016.9,1938658.0,1048.21
1049.23,1061.68,1047.1,1466065.0,1054.79
1058.54,1060.55,1047.14,1217721.0,1053.91
1058.1,1085.44,1056.37,2032818.0,1082.76
1086.03,1100.44,1085.64,1443025.0,1097.57
1093.6,1101.33,1090.91,1253665.0,1098.26
1100.0,1110.75,1099.11,1518077.0,1100.2
1090.0,1090.05,1073.47,1494872.0,1079.23
1077.31,1089.27,1076.26,1097317.0,1081.77
1079.89,1086.87,1073.5,1043766.0,1078.59
1061.86,1069.94,1060.68,1565240.0,1066.36
1074.06,1088.0,1073.65,1023211.0,1079.58
1083.56,1086.59,1066.69,1090002.0,1069.73
1065.13,1080.78,1061.71,1060683.0,1079.69
1079.0,1080.47,1066.15,766773.0,1079.24
1079.02,1082.56,1073.78,899406.0,1075.66
1064.89,1073.37,1055.22,1865139.0,1060.32
1063.03,1069.21,1056.83,1138457.0,1067.8
1067.56,1097.19,1067.56,3088305.0,1084.99
1099.35,1120.0,1098.5,2421598.0,1119.5
1122.33,1141.89,1122.01,1889579.0,1139.29
1140.99,1145.74,1133.19,1677973.0,1139.66
1142.17,1143.0,1125.74,1698247.0,1136.88
1131.32,1135.82,1116.52,1520020.0,1123.86
1118.18,1126.67,1112.15,1290845.0,1120.87
1118.6,1137.26,1118.6,1079294.0,1129.99
1131.07,1139.79,1130.73,912018.0,1139.32
1141.12,1146.5,1133.38,1506407.0,1134.79
1143.85,1155.47,1140.64,1350868.0,1152.12
1148.86,1153.42,1143.48,2122476.0,1152.26
1143.65,1174.31,1143.59,1413692.0,1173.46
1158.5,1171.27,1154.01,1621018.0,1168.06
1175.31,1186.29,1169.16,1648536.0,1169.84
1174.85,1177.3,1152.23,1238118.0,1157.66
1159.14,1162.5,1147.26,1310967.0,1155.48
1143.6,1143.91,1112.78,2157310.0,1124.81
1128.0,1133.21,1116.66,1563225.0,1118.46
1121.34,1131.84,1103.62,1293892.0,1103.98
1102.09,1122.31,1096.01,1072438.0,1114.22
1120.0,1128.23,1115.0,1315121.0,1115.65
1099.0,1128.0,1093.8,1217311.0,1127.46
1135.82,1135.82,1100.02,679034.0,1102.89
1110.53,1127.5,1108.48,1066685.0,1124.27
1123.58,1140.93,1120.74,996079.0,1140.17
1148.48,1154.67,1143.42,908969.0,1154.05
1156.98,1159.59,1149.59,798412.0,1152.84
1144.59,1164.29,1141.0,1119993.0,1153.9
1159.89,1184.41,1155.93,1251884.0,1183.48
1185.0,1195.42,1180.0,1222072.0,1188.82
1189.39,1191.0,1179.28,1055662.0,1183.86
1172.22,1203.04,1170.6,1610353.0,1198.8
1196.56,1204.5,1190.34,1393606.0,1195.88
1191.0,1200.0,1183.32,1276667.0,1186.96
1186.96,1196.86,1184.22,1248400.0,1184.91
1181.01,1206.49,1181.0,2619234.0,1205.5
1262.59,1266.0,1235.56,3318204.0,1248.08
1239.13,1265.86,1239.13,2139999.0,1263.7
1251.0,1269.77,1249.02,2405638.0,1268.33
1271.0,1273.89,1231.0,2130558.0,1238.5
1228.01,1234.92,1211.47,1849904.0,1219.74
1220.01,1227.59,1205.6,1644722.0,1217.26
1228.0,1233.47,1210.21,1567264.0,1220.01
1205.9,1229.88,1204.79,1531299.0,1226.15
1229.62,1230.0,1215.06,1089896.0,1223.71
1225.0,1226.09,1215.8,1081723.0,1224.77
1237.0,1251.17,1236.17,1493980.0,1242.22
1240.47,1256.5,1238.01,1370913.0,1245.61
1249.9,1255.54,1246.01,848601.0,1249.1
1243.0,1245.69,1232.0,1108919.0,1237.61
1236.98,1249.27,1233.64,997346.0,1235.01
1235.19,1245.87,1225.11,1348194.0,1242.1
1229.26,1235.24,1209.51,1828814.0,1214.38
1224.73,1226.0,1202.55,1343161.0,1206.49
1202.03,1209.02,1188.24,1389645.0,1200.96
1205.02,1211.0,1194.63,870772.0,1207.77
1208.0,1217.26,1200.35,1205580.0,1201.62
1200.0,1211.84,1199.0,887389.0,1207.33
1207.14,1221.28,1204.24,992604.0,1205.38
1208.82,1221.65,1206.36,946840.0,1220.65
1227.6,1243.09,1225.72,1156255.0,1241.82
1241.29,1242.55,1228.69,1304007.0,1231.15
1237.45,1250.66,1236.36,1309312.0,1249.3
1244.23,1253.63,1232.59,1331439.0,1239.12
1234.98,1238.66,1211.29,1816426.0,1218.19
1204.27,1212.99,1192.5,1831045.0,1197.0
1193.8,1199.01,1162.0,2061309.0,1186.48
1186.3,1186.3,1152.0,1888467.0,1171.44
1158.67,1175.26,1157.21,1401404.0,1164.83
1172.19,1174.54,1160.11,1115796.0,1164.64
1161.63,1178.68,1156.24,1209565.0,1177.36
1172.72,1178.61,1158.36,1295472.0,1162.82
1170.74,1178.61,1162.85,1431214.0,1175.33
1179.1,1180.42,1168.33,943978.0,1172.53
1170.14,1177.24,1154.03,1306522.0,1156.05
1157.09,1176.08,1157.09,1203686.0,1161.22
1164.98,1173.21,1154.58,1191386.0,1171.09
1179.99,1189.89,1173.36,1225387.0,1186.87
1192.0,1192.21,1166.04,4405584.0,1166.09
1157.17,1178.0,1146.91,1271017.0,1173.37
1176.15,1186.88,1168.0,977731.0,1184.65
1185.15,1194.23,1174.77,1462253.0,1180.49
1186.73,1202.1,1183.63,1260754.0,1194.64
1191.87,1195.41,1184.5,1380629.0,1193.47
1199.89,1209.9,1190.3,1357604.0,1195.31
1190.96,1209.96,1186.63,1687914.0,1200.11
1205.0,1206.41,1193.83,1256214.0,1202.95
1195.33,1197.51,1155.58,2209490.0,1168.19
1167.5,1173.5,1145.12,1184452.0,1157.35
1150.11,1168.0,1127.36,1932355.0,1148.97
1146.15,1154.35,1137.57,1308764.0,1138.82
1131.08,1132.17,1081.13,2675742.0,1081.22
1072.94,1106.4,1068.27,2950120.0,1079.32
1108.0,1115.0,1086.4,2101303.0,1110.08
1108.91,1113.45,1089.0,1372393.0,1092.25
1104.59,1124.22,1102.5,1928540.0,1121.28
1126.46,1128.99,1102.19,1467226.0,1115.69
1121.84,1121.84,1077.09,2094524.0,1087.97
1093.37,1110.36,1087.75,1267649.0,1096.46
1103.06,1112.23,1091.0,1514220.0,1101.16
1080.89,1107.89,1070.0,1848654.0,1103.69
1104.25,1106.12,1048.74,1982430.0,1050.71
1071.79,1110.98,1069.55,2545839.0,1095.57
1037.03,1106.53,1034.09,4187586.0,1071.47
1082.47,1097.04,995.83,3880723.0,1020.08
1008.46,1037.49,1000.75,3212657.0,1036.21
1059.81,1091.94,1057.0,2529768.0,1076.77
1075.8,1083.97,1062.46,1481979.0,1070.0
1073.73,1082.97,1054.61,1839043.0,1057.79
1055.0,1058.47,1021.24,2441430.0,1040.09
1039.48,1064.35,1038.07,1233306.0,1055.81
1069.0,1095.46,1065.9,2058356.0,1093.39
1091.38,1093.27,1072.2,1488182.0,1082.4
1073.99,1075.56,1053.11,1343313.0,1066.15
1061.39,1062.12,1031.0,1471758.0,1038.63
1043.29,1056.61,1031.15,1513702.0,1036.05
1050.0,1054.56,1031.0,1565945.0,1043.66
1044.71,1071.85,1031.78,1836084.0,1064.71
1059.41,1067.0,1048.98,1658116.0,1061.49
1057.2,1060.79,1016.26,1858614.0,1020.0
1000.0,1031.74,996.02,2449130.0,1025.76
1036.76,1048.56,1033.47,1534274.0,1037.61
1030.0,1037.59,1022.4,691462.0,1023.88
1038.35,1049.31,1033.91,1942822.0,1048.62
1041.0,1057.58,1038.49,1803164.0,1044.41
1048.76,1086.84,1035.76,2475419.0,1086.23
1076.08,1094.24,1076.0,1468859.0,1088.3
1089.07,1095.57,1077.88,2580612.0,1094.43
1123.14,1124.65,1103.66,1990758.0,1106.43
1103.12,1104.42,1049.98,2345166.0,1050.82
1034.26,1071.2,1030.77,2769225.0,1068.73
1060.01,1075.26,1028.5,2101206.0,1036.58
1035.05,1048.45,1023.29,1807725.0,1039.55
1056.49,1060.6,1039.84,1394731.0,1051.75
1068.0,1081.65,1062.79,1523804.0,1063.68
1068.07,1079.76,1053.93,1329768.0,1061.9
1049.98,1062.6,1040.79,1686619.0,1042.1
1037.51,1053.15,1007.9,2385364.0,1016.53
1026.09,1049.48,1021.44,2192533.0,1028.71
1033.99,1062.0,1008.05,2479338.0,1023.01
1018.13,1034.22,996.36,2673464.0,1009.41
1015.3,1024.02,973.69,4595891.0,979.54
973.9,1003.54,970.11,1590328.0,976.22
989.01,1040.0,983.0,2373270.0,1039.46
1017.15,1043.89,997.0,2109777.0,1043.88
1049.62,1055.56,1033.1,1413772.0,1037.08
1050.96,1052.7,1023.59,1493722.0,1035.61
1016.57,1052.32,1015.71,1532608.0,1045.85
1041.0,1056.98,1014.07,1841066.0,1016.06
1032.59,1070.84,1027.42,2093894.0,1070.71
1071.5,1074.0,1054.76,1981874.0,1068.39
1076.11,1084.56,1060.53,1765267.0,1076.28
1081.65,1082.63,1066.4,1199272.0,1074.66
1067.66,1071.15,1057.71,1456421.0,1070.33
1063.18,1063.78,1048.48,1520756.0,1057.19
1046.92,1051.53,1041.26,1144263.0,1044.69
1050.17,1080.05,1047.34,1463570.0,1077.15
1080.0,1092.38,1079.34,1331819.0,1080.97
1079.47,1091.8,1073.5,1242664.0,1089.9
1100.0,1108.35,1090.9,1955559.0,1098.26
1088.0,1091.51,1063.47,1613527.0,1070.52
1077.35,1084.93,1059.75,966956.0,1075.57
1076.48,1079.47,1060.7,1361673.0,1073.9
1085.0,1094.0,1081.82,1119216.0,1090.99
1080.11,1083.0,1063.8,1284281.0,1070.08
1072.68,1075.15,1055.86,1021819.0,1060.62
1068.43,1091.0,1066.85,1279822.0,1089.06
1103.0,1117.33,1095.41,1538324.0,1116.37
1112.4,1125.0,1104.89,1462208.0,1110.75
1112.66,1132.8,1109.02,2576470.0,1132.8
1124.84,1146.85,1117.25,3552194.0,1145.99
1139.57,1147.0,1112.77,2105592.0,1115.23
1104.16,1104.84,1086.0,2044827.0,1098.71
1087.0,1098.91,1086.55,1075769.0,1095.06
1096.95,1105.94,1092.86,1065194.0,1095.01
1106.8,1125.3,1105.85,1609513.0,1121.37
1124.99,1134.73,1118.5,1049781.0,1120.16
1118.05,1128.23,1110.44,947632.0,1121.67
1130.08,1131.67,1110.65,1449830.0,1113.65
1110.0,1121.89,1110.0,1046628.0,1118.56
1119.99,1123.41,1105.28,1087817.0,1113.8
1110.84,1111.94,1092.52,1415473.0,1096.97
1100.9,1111.24,1095.6,1049545.0,1110.37
1116.0,1118.54,1107.27,1413061.0,1109.4
1105.75,1119.51,1099.92,1471743.0,1115.13
1106.95,1117.98,1101.0,968760.0,1116.05
1111.3,1127.65,1111.01,1542609.0,1119.92
1124.9,1142.97,1124.75,1450316.0,1140.99
1146.99,1158.28,1130.69,1446047.0,1147.8
1150.06,1169.61,1146.19,1443174.0,1162.03
1162.49,1167.57,1155.49,1099289.0,1157.86
1155.72,1156.76,1134.91,1166559.0,1143.3
1126.73,1147.08,1123.3,1212489.0,1142.32
1144.45,1176.19,1144.45,1719192.0,1175.76
1178.26,1200.0,1178.26,2013115.0,1193.2
1200.64,1200.93,1191.94,1435936.0,1193.32
1194.51,1197.88,1184.48,1172815.0,1185.55
1193.38,1196.57,1182.61,2459957.0,1184.46
1183.3,1190.0,1177.42,1292633.0,1184.26
1188.81,1200.0,1185.87,1520688.0,1198.85
1197.35,1227.14,1196.17,2227786.0,1223.97
1216.0,1231.79,1213.15,1204045.0,1231.54
1226.32,1230.0,1202.83,1714247.0,1205.5
1196.93,1206.4,1187.04,1496843.0,1193.0
1198.53,1202.83,1176.72,1901156.0,1184.62
1185.5,1187.56,1159.37,1400240.0,1173.02
1171.54,1171.57,1159.43,1012430.0,1168.49
1174.9,1178.99,1162.88,1269979.0,1173.31
1184.1,1196.66,1182.0,1252757.0,1194.43
1195.32,1201.35,1185.71,827973.0,1200.49
1207.48,1216.3,1200.5,1017838.0,1205.92
1205.94,1215.67,1204.13,950747.0,1215.0
1214.99,1216.22,1205.03,907152.0,1207.15
1207.89,1208.69,1199.86,860363.0,1203.84
1196.0,1202.29,1193.08,876381.0,1197.25
1200.68,1203.79,1196.43,724643.0,1202.16
1203.96,1207.96,1200.13,710231.0,1204.62
1210.0,1218.35,1208.11,933794.0,1217.87
1218.0,1224.2,1209.11,1187519.0,1221.1
1225.0,1230.82,1220.12,856304.0,1227.13
1233.0,1240.56,1227.82,1221930.0,1236.34
1239.18,1242.0,1234.61,1331823.0,1236.37
1235.99,1249.09,1228.31,807334.0,1248.84
1250.69,1269.0,1246.38,1319910.0,1264.55
1264.12,1268.01,1255.0,1018753.0,1256.0
1264.77,1267.41,1252.03,1107295.0,1263.45
1269.0,1273.07,1260.32,1241428.0,1272.18
1274.0,1289.27,1266.29,2499432.0,1287.58
1185.0,1192.81,1175.0,6207027.0,1188.48
1188.05,1188.05,1167.18,2642983.0,1168.08
1167.76,1174.19,1155.0,1944817.0,1162.61
1173.65,1186.8,1169.0,1980653.0,1185.4
